{"train/loss": 1.0558, "train/learning_rate": 1.9999681572799226e-05, "train/epoch": 0.1, "train/global_step": 40, "_timestamp": 1688717392.1736104, "_runtime": 577.7060084342957, "_step": 39}